"","Models","Percent"
"1","Baranyi",1.80505415162455
"2","Cubic Poly",70.7581227436823
"3","Grompertz",27.4368231046931
