"","Models","Percent"
"1","Baranyi",1.80505415162455
"2","Cubic Poly",69.6750902527076
"3","Grompertz",25.9927797833935
